"filename", "language", "GLSL", "XML", "C++", "CMake", "comment", "blank", "total"
"d:\Desktop\C++\OpenGL\Engine\CMakeLists.txt", "CMake", 0, 0, 0, 29, 0, 2, 31
"d:\Desktop\C++\OpenGL\Engine\Engine\Animation\Animation.cpp", "C++", 0, 0, 38, 0, 0, 6, 44
"d:\Desktop\C++\OpenGL\Engine\Engine\Animation\AnimationPlayer.cpp", "C++", 0, 0, 40, 0, 0, 10, 50
"d:\Desktop\C++\OpenGL\Engine\Engine\Animation\KeyFrameTrack.cpp", "C++", 0, 0, 39, 0, 0, 9, 48
"d:\Desktop\C++\OpenGL\Engine\Engine\Buffer\UniformBufferObject.cpp", "C++", 0, 0, 55, 0, 0, 11, 66
"d:\Desktop\C++\OpenGL\Engine\Engine\CMakeLists.txt", "CMake", 0, 0, 0, 13, 0, 0, 13
"d:\Desktop\C++\OpenGL\Engine\Engine\Camera\Camera.cpp", "C++", 0, 0, 49, 0, 0, 10, 59
"d:\Desktop\C++\OpenGL\Engine\Engine\Camera\CameraController.cpp", "C++", 0, 0, 21, 0, 0, 7, 28
"d:\Desktop\C++\OpenGL\Engine\Engine\Camera\GameController.cpp", "C++", 0, 0, 73, 0, 0, 8, 81
"d:\Desktop\C++\OpenGL\Engine\Engine\Camera\GlobalCamera.cpp", "C++", 0, 0, 64, 0, 0, 11, 75
"d:\Desktop\C++\OpenGL\Engine\Engine\Camera\ProjectionProvider.cpp", "C++", 0, 0, 68, 0, 0, 13, 81
"d:\Desktop\C++\OpenGL\Engine\Engine\Camera\TrackballController.cpp", "C++", 0, 0, 48, 0, 0, 7, 55
"d:\Desktop\C++\OpenGL\Engine\Engine\FrameBuffer\DepthCubeMapFBO.cpp", "C++", 0, 0, 22, 0, 0, 5, 27
"d:\Desktop\C++\OpenGL\Engine\Engine\FrameBuffer\DepthMapFBO.cpp", "C++", 0, 0, 20, 0, 0, 5, 25
"d:\Desktop\C++\OpenGL\Engine\Engine\FrameBuffer\FrameBufferObject.cpp", "C++", 0, 0, 179, 0, 0, 22, 201
"d:\Desktop\C++\OpenGL\Engine\Engine\FrameBuffer\MSAAFBO.cpp", "C++", 0, 0, 36, 0, 0, 7, 43
"d:\Desktop\C++\OpenGL\Engine\Engine\FrameBuffer\RegularFBO.cpp", "C++", 0, 0, 24, 0, 0, 5, 29
"d:\Desktop\C++\OpenGL\Engine\Engine\FrameBuffer\ScreenFBO.cpp", "C++", 0, 0, 32, 0, 0, 6, 38
"d:\Desktop\C++\OpenGL\Engine\Engine\FrameBuffer\SingleColorAttachmentFBO.cpp", "C++", 0, 0, 30, 0, 0, 6, 36
"d:\Desktop\C++\OpenGL\Engine\Engine\Lights\DirectionalLight.cpp", "C++", 0, 0, 67, 0, 0, 9, 76
"d:\Desktop\C++\OpenGL\Engine\Engine\Lights\Light.cpp", "C++", 0, 0, 47, 0, 0, 8, 55
"d:\Desktop\C++\OpenGL\Engine\Engine\Lights\LightArray.cpp", "C++", 0, 0, 72, 0, 0, 15, 87
"d:\Desktop\C++\OpenGL\Engine\Engine\Lights\PointLight.cpp", "C++", 0, 0, 110, 0, 0, 10, 120
"d:\Desktop\C++\OpenGL\Engine\Engine\Lights\SpotLight.cpp", "C++", 0, 0, 23, 0, 0, 6, 29
"d:\Desktop\C++\OpenGL\Engine\Engine\Managers\ControlManager.cpp", "C++", 0, 0, 79, 0, 0, 11, 90
"d:\Desktop\C++\OpenGL\Engine\Engine\Managers\ModelManager.cpp", "C++", 0, 0, 93, 0, 0, 8, 101
"d:\Desktop\C++\OpenGL\Engine\Engine\Managers\SceneManager.cpp", "C++", 0, 0, 95, 0, 131, 25, 251
"d:\Desktop\C++\OpenGL\Engine\Engine\Managers\ShaderManager.cpp", "C++", 0, 0, 215, 0, 0, 10, 225
"d:\Desktop\C++\OpenGL\Engine\Engine\Managers\TextureManager.cpp", "C++", 0, 0, 84, 0, 0, 7, 91
"d:\Desktop\C++\OpenGL\Engine\Engine\Managers\UniformManager.cpp", "C++", 0, 0, 38, 0, 0, 9, 47
"d:\Desktop\C++\OpenGL\Engine\Engine\Material\IBLMaterial.cpp", "C++", 0, 0, 25, 0, 0, 7, 32
"d:\Desktop\C++\OpenGL\Engine\Engine\Material\Material.cpp", "C++", 0, 0, 71, 0, 0, 6, 77
"d:\Desktop\C++\OpenGL\Engine\Engine\Material\MaterialController.cpp", "C++", 0, 0, 254, 0, 3, 24, 281
"d:\Desktop\C++\OpenGL\Engine\Engine\Material\PBRMaterial.cpp", "C++", 0, 0, 42, 0, 0, 8, 50
"d:\Desktop\C++\OpenGL\Engine\Engine\Material\PhongMaterial.cpp", "C++", 0, 0, 31, 0, 0, 7, 38
"d:\Desktop\C++\OpenGL\Engine\Engine\Material\UserCustomMaterial.cpp", "C++", 0, 0, 17, 0, 0, 6, 23
"d:\Desktop\C++\OpenGL\Engine\Engine\ShaderToys\ShaderToy.cpp", "C++", 0, 0, 71, 0, 0, 5, 76
"d:\Desktop\C++\OpenGL\Engine\Engine\ShaderToys\ShaderToyBuffer.cpp", "C++", 0, 0, 64, 0, 0, 10, 74
"d:\Desktop\C++\OpenGL\Engine\Engine\ShaderToys\ShaderToyManager.cpp", "C++", 0, 0, 36, 0, 0, 7, 43
"d:\Desktop\C++\OpenGL\Engine\Engine\Texture\NativeTextureWrapper.cpp", "C++", 0, 0, 141, 0, 0, 20, 161
"d:\Desktop\C++\OpenGL\Engine\Engine\Texture\TextureWrapper.cpp", "C++", 0, 0, 92, 0, 0, 15, 107
"d:\Desktop\C++\OpenGL\Engine\Engine\Uniform\Uniform.cpp", "C++", 0, 0, 23, 0, 0, 6, 29
"d:\Desktop\C++\OpenGL\Engine\Engine\core\AttributeInfo.cpp", "C++", 0, 0, 45, 0, 0, 12, 57
"d:\Desktop\C++\OpenGL\Engine\Engine\core\DrawableObject3D.cpp", "C++", 0, 0, 43, 0, 0, 10, 53
"d:\Desktop\C++\OpenGL\Engine\Engine\core\Geometry.cpp", "C++", 0, 0, 153, 0, 10, 15, 178
"d:\Desktop\C++\OpenGL\Engine\Engine\core\Mesh.cpp", "C++", 0, 0, 104, 0, 0, 20, 124
"d:\Desktop\C++\OpenGL\Engine\Engine\core\Model.cpp", "C++", 0, 0, 113, 0, 1, 19, 133
"d:\Desktop\C++\OpenGL\Engine\Engine\core\Obejct3D.cpp", "C++", 0, 0, 261, 0, 10, 50, 321
"d:\Desktop\C++\OpenGL\Engine\Engine\core\Scene.cpp", "C++", 0, 0, 119, 0, 6, 15, 140
"d:\Desktop\C++\OpenGL\Engine\Engine\core\SignalSender.cpp", "C++", 0, 0, 9, 0, 0, 3, 12
"d:\Desktop\C++\OpenGL\Engine\Engine\core\Skeleton.cpp", "C++", 0, 0, 34, 0, 0, 7, 41
"d:\Desktop\C++\OpenGL\Engine\Engine\include\Animation.h", "C++", 0, 0, 28, 0, 0, 2, 30
"d:\Desktop\C++\OpenGL\Engine\Engine\include\AnimationPlayer.h", "C++", 0, 0, 26, 0, 0, 2, 28
"d:\Desktop\C++\OpenGL\Engine\Engine\include\ArrayUniform.h", "C++", 0, 0, 55, 0, 0, 6, 61
"d:\Desktop\C++\OpenGL\Engine\Engine\include\AssimpLoader.h", "C++", 0, 0, 28, 0, 0, 2, 30
"d:\Desktop\C++\OpenGL\Engine\Engine\include\AttributeInfo.h", "C++", 0, 0, 61, 0, 0, 5, 66
"d:\Desktop\C++\OpenGL\Engine\Engine\include\Bloomer.h", "C++", 0, 0, 36, 0, 0, 2, 38
"d:\Desktop\C++\OpenGL\Engine\Engine\include\Camera.h", "C++", 0, 0, 27, 0, 0, 2, 29
"d:\Desktop\C++\OpenGL\Engine\Engine\include\CameraController.h", "C++", 0, 0, 30, 0, 0, 2, 32
"d:\Desktop\C++\OpenGL\Engine\Engine\include\Color.h", "C++", 0, 0, 5, 0, 0, 2, 7
"d:\Desktop\C++\OpenGL\Engine\Engine\include\Constants.h", "C++", 0, 0, 80, 0, 6, 3, 89
"d:\Desktop\C++\OpenGL\Engine\Engine\include\ControlManager.h", "C++", 0, 0, 37, 0, 0, 2, 39
"d:\Desktop\C++\OpenGL\Engine\Engine\include\Define.h", "C++", 0, 0, 133, 0, 0, 17, 150
"d:\Desktop\C++\OpenGL\Engine\Engine\include\DepthCubeMapFBO.h", "C++", 0, 0, 19, 0, 0, 3, 22
"d:\Desktop\C++\OpenGL\Engine\Engine\include\DepthMapFBO.h", "C++", 0, 0, 19, 0, 0, 2, 21
"d:\Desktop\C++\OpenGL\Engine\Engine\include\DirectionalLight.h", "C++", 0, 0, 27, 0, 0, 2, 29
"d:\Desktop\C++\OpenGL\Engine\Engine\include\DrawableObject3D.h", "C++", 0, 0, 26, 0, 0, 3, 29
"d:\Desktop\C++\OpenGL\Engine\Engine\include\Environment.cpp", "C++", 0, 0, 119, 0, 24, 13, 156
"d:\Desktop\C++\OpenGL\Engine\Engine\include\Environment.h", "C++", 0, 0, 24, 0, 0, 1, 25
"d:\Desktop\C++\OpenGL\Engine\Engine\include\FrameBufferObject.h", "C++", 0, 0, 56, 0, 0, 2, 58
"d:\Desktop\C++\OpenGL\Engine\Engine\include\GLBuffer.h", "C++", 0, 0, 5, 0, 0, 2, 7
"d:\Desktop\C++\OpenGL\Engine\Engine\include\GLFrameBufferObject.h", "C++", 0, 0, 8, 0, 0, 4, 12
"d:\Desktop\C++\OpenGL\Engine\Engine\include\GLFunctions.cpp", "C++", 0, 0, 6, 0, 0, 1, 7
"d:\Desktop\C++\OpenGL\Engine\Engine\include\GLFunctions.h", "C++", 0, 0, 8, 0, 0, 2, 10
"d:\Desktop\C++\OpenGL\Engine\Engine\include\GLHelper.h", "C++", 0, 0, 38, 0, 0, 10, 48
"d:\Desktop\C++\OpenGL\Engine\Engine\include\GLShaderProgram.h", "C++", 0, 0, 32, 0, 0, 4, 36
"d:\Desktop\C++\OpenGL\Engine\Engine\include\GLTexture.h", "C++", 0, 0, 8, 0, 0, 6, 14
"d:\Desktop\C++\OpenGL\Engine\Engine\include\GLVAO.h", "C++", 0, 0, 5, 0, 0, 2, 7
"d:\Desktop\C++\OpenGL\Engine\Engine\include\GameController.h", "C++", 0, 0, 30, 0, 0, 2, 32
"d:\Desktop\C++\OpenGL\Engine\Engine\include\Geometry.h", "C++", 0, 0, 72, 0, 3, 5, 80
"d:\Desktop\C++\OpenGL\Engine\Engine\include\GlobalCamera.h", "C++", 0, 0, 29, 0, 0, 2, 31
"d:\Desktop\C++\OpenGL\Engine\Engine\include\IBLMaterial.h", "C++", 0, 0, 21, 0, 0, 3, 24
"d:\Desktop\C++\OpenGL\Engine\Engine\include\Image.h", "C++", 0, 0, 23, 0, 0, 5, 28
"d:\Desktop\C++\OpenGL\Engine\Engine\include\InstanceHelper.h", "C++", 0, 0, 26, 0, 0, 2, 28
"d:\Desktop\C++\OpenGL\Engine\Engine\include\KeyFrame.h", "C++", 0, 0, 27, 0, 0, 5, 32
"d:\Desktop\C++\OpenGL\Engine\Engine\include\KeyFrameTrack.h", "C++", 0, 0, 70, 0, 0, 3, 73
"d:\Desktop\C++\OpenGL\Engine\Engine\include\LImage.cpp", "C++", 0, 0, 86, 0, 0, 15, 101
"d:\Desktop\C++\OpenGL\Engine\Engine\include\LImage.h", "C++", 0, 0, 30, 0, 0, 1, 31
"d:\Desktop\C++\OpenGL\Engine\Engine\include\Light.h", "C++", 0, 0, 33, 0, 0, 2, 35
"d:\Desktop\C++\OpenGL\Engine\Engine\include\LightArray.h", "C++", 0, 0, 37, 0, 0, 2, 39
"d:\Desktop\C++\OpenGL\Engine\Engine\include\MSAAFBO.h", "C++", 0, 0, 24, 0, 0, 2, 26
"d:\Desktop\C++\OpenGL\Engine\Engine\include\Material.h", "C++", 0, 0, 25, 0, 0, 3, 28
"d:\Desktop\C++\OpenGL\Engine\Engine\include\MaterialController.h", "C++", 0, 0, 51, 0, 0, 2, 53
"d:\Desktop\C++\OpenGL\Engine\Engine\include\Matrix.h", "C++", 0, 0, 35, 0, 0, 9, 44
"d:\Desktop\C++\OpenGL\Engine\Engine\include\Mesh.h", "C++", 0, 0, 49, 0, 0, 2, 51
"d:\Desktop\C++\OpenGL\Engine\Engine\include\Model.h", "C++", 0, 0, 50, 0, 0, 2, 52
"d:\Desktop\C++\OpenGL\Engine\Engine\include\ModelManager.h", "C++", 0, 0, 27, 0, 0, 3, 30
"d:\Desktop\C++\OpenGL\Engine\Engine\include\NativeTextureWrapper.h", "C++", 0, 0, 40, 0, 0, 2, 42
"d:\Desktop\C++\OpenGL\Engine\Engine\include\Object3D.h", "C++", 0, 0, 83, 0, 2, 6, 91
"d:\Desktop\C++\OpenGL\Engine\Engine\include\PBRMaterial.h", "C++", 0, 0, 23, 0, 0, 3, 26
"d:\Desktop\C++\OpenGL\Engine\Engine\include\PhongMaterial.h", "C++", 0, 0, 22, 0, 0, 3, 25
"d:\Desktop\C++\OpenGL\Engine\Engine\include\PointLight.h", "C++", 0, 0, 32, 0, 14, 2, 48
"d:\Desktop\C++\OpenGL\Engine\Engine\include\ProjectionProvider.h", "C++", 0, 0, 29, 0, 0, 2, 31
"d:\Desktop\C++\OpenGL\Engine\Engine\include\RegularFBO.h", "C++", 0, 0, 25, 0, 0, 2, 27
"d:\Desktop\C++\OpenGL\Engine\Engine\include\Renderer.h", "C++", 0, 0, 53, 0, 0, 2, 55
"d:\Desktop\C++\OpenGL\Engine\Engine\include\Scene.h", "C++", 0, 0, 46, 0, 0, 2, 48
"d:\Desktop\C++\OpenGL\Engine\Engine\include\SceneManager.h", "C++", 0, 0, 25, 0, 0, 2, 27
"d:\Desktop\C++\OpenGL\Engine\Engine\include\ScreenFBO.h", "C++", 0, 0, 22, 0, 0, 2, 24
"d:\Desktop\C++\OpenGL\Engine\Engine\include\ShaderManager.h", "C++", 0, 0, 56, 0, 0, 2, 58
"d:\Desktop\C++\OpenGL\Engine\Engine\include\ShaderStorageBufferObject.h", "C++", 0, 0, 7, 0, 0, 1, 8
"d:\Desktop\C++\OpenGL\Engine\Engine\include\ShaderToy.h", "C++", 0, 0, 33, 0, 0, 3, 36
"d:\Desktop\C++\OpenGL\Engine\Engine\include\ShaderToyBuffer.h", "C++", 0, 0, 26, 0, 0, 2, 28
"d:\Desktop\C++\OpenGL\Engine\Engine\include\ShaderToyManager.h", "C++", 0, 0, 23, 0, 0, 2, 25
"d:\Desktop\C++\OpenGL\Engine\Engine\include\SignalSender.h", "C++", 0, 0, 16, 0, 0, 3, 19
"d:\Desktop\C++\OpenGL\Engine\Engine\include\SingleColorAttachmentFBO.h", "C++", 0, 0, 23, 0, 0, 2, 25
"d:\Desktop\C++\OpenGL\Engine\Engine\include\SingleUniform.h", "C++", 0, 0, 80, 0, 0, 12, 92
"d:\Desktop\C++\OpenGL\Engine\Engine\include\Skeleton.h", "C++", 0, 0, 22, 0, 0, 2, 24
"d:\Desktop\C++\OpenGL\Engine\Engine\include\SpotLight.h", "C++", 0, 0, 19, 0, 0, 2, 21
"d:\Desktop\C++\OpenGL\Engine\Engine\include\TextureDispatcher.h", "C++", 0, 0, 17, 0, 0, 2, 19
"d:\Desktop\C++\OpenGL\Engine\Engine\include\TextureManager.h", "C++", 0, 0, 37, 0, 0, 4, 41
"d:\Desktop\C++\OpenGL\Engine\Engine\include\TextureWrapper.h", "C++", 0, 0, 31, 0, 0, 3, 34
"d:\Desktop\C++\OpenGL\Engine\Engine\include\TrackballController.h", "C++", 0, 0, 21, 0, 0, 2, 23
"d:\Desktop\C++\OpenGL\Engine\Engine\include\Uniform.h", "C++", 0, 0, 17, 0, 0, 3, 20
"d:\Desktop\C++\OpenGL\Engine\Engine\include\UniformBufferObject.h", "C++", 0, 0, 26, 0, 0, 1, 27
"d:\Desktop\C++\OpenGL\Engine\Engine\include\UniformManager.h", "C++", 0, 0, 31, 0, 0, 3, 34
"d:\Desktop\C++\OpenGL\Engine\Engine\include\UserCustomMaterial.h", "C++", 0, 0, 22, 0, 0, 3, 25
"d:\Desktop\C++\OpenGL\Engine\Engine\include\assimp\AssertHandler.h", "C++", 0, 0, 11, 0, 58, 11, 80
"d:\Desktop\C++\OpenGL\Engine\Engine\include\assimp\Base64.hpp", "C++", 0, 0, 18, 0, 62, 13, 93
"d:\Desktop\C++\OpenGL\Engine\Engine\include\assimp\BaseImporter.h", "C++", 0, 0, 129, 0, 245, 39, 413
"d:\Desktop\C++\OpenGL\Engine\Engine\include\assimp\Bitmap.h", "C++", 0, 0, 62, 0, 55, 17, 134
"d:\Desktop\C++\OpenGL\Engine\Engine\include\assimp\BlobIOSystem.h", "C++", 0, 0, 179, 0, 87, 58, 324
"d:\Desktop\C++\OpenGL\Engine\Engine\include\assimp\ByteSwapper.h", "C++", 0, 0, 173, 0, 81, 37, 291
"d:\Desktop\C++\OpenGL\Engine\Engine\include\assimp\ColladaMetaData.h", "C++", 0, 0, 9, 0, 43, 5, 57
"d:\Desktop\C++\OpenGL\Engine\Engine\include\assimp\Compiler\poppack1.h", "C++", 0, 0, 8, 0, 10, 5, 23
"d:\Desktop\C++\OpenGL\Engine\Engine\include\assimp\Compiler\pstdint.h", "C++", 0, 0, 597, 0, 259, 57, 913
"d:\Desktop\C++\OpenGL\Engine\Engine\include\assimp\Compiler\pushpack1.h", "C++", 0, 0, 19, 0, 18, 7, 44
"d:\Desktop\C++\OpenGL\Engine\Engine\include\assimp\CreateAnimMesh.h", "C++", 0, 0, 16, 0, 53, 9, 78
"d:\Desktop\C++\OpenGL\Engine\Engine\include\assimp\DefaultIOStream.h", "C++", 0, 0, 47, 0, 72, 21, 140
"d:\Desktop\C++\OpenGL\Engine\Engine\include\assimp\DefaultIOSystem.h", "C++", 0, 0, 21, 0, 64, 15, 100
"d:\Desktop\C++\OpenGL\Engine\Engine\include\assimp\DefaultLogger.hpp", "C++", 0, 0, 56, 0, 118, 32, 206
"d:\Desktop\C++\OpenGL\Engine\Engine\include\assimp\Exceptional.h", "C++", 0, 0, 92, 0, 71, 20, 183
"d:\Desktop\C++\OpenGL\Engine\Engine\include\assimp\Exporter.hpp", "C++", 0, 0, 117, 0, 331, 62, 510
"d:\Desktop\C++\OpenGL\Engine\Engine\include\assimp\GenericProperty.h", "C++", 0, 0, 70, 0, 46, 18, 134
"d:\Desktop\C++\OpenGL\Engine\Engine\include\assimp\GltfMaterial.h", "C++", 0, 0, 22, 0, 44, 9, 75
"d:\Desktop\C++\OpenGL\Engine\Engine\include\assimp\Hash.h", "C++", 0, 0, 56, 0, 55, 13, 124
"d:\Desktop\C++\OpenGL\Engine\Engine\include\assimp\IOStream.hpp", "C++", 0, 0, 35, 0, 81, 16, 132
"d:\Desktop\C++\OpenGL\Engine\Engine\include\assimp\IOStreamBuffer.h", "C++", 0, 0, 216, 0, 77, 55, 348
"d:\Desktop\C++\OpenGL\Engine\Engine\include\assimp\IOSystem.hpp", "C++", 0, 0, 108, 0, 179, 47, 334
"d:\Desktop\C++\OpenGL\Engine\Engine\include\assimp\Importer.hpp", "C++", 0, 0, 113, 0, 503, 68, 684
"d:\Desktop\C++\OpenGL\Engine\Engine\include\assimp\LineSplitter.h", "C++", 0, 0, 146, 0, 87, 46, 279
"d:\Desktop\C++\OpenGL\Engine\Engine\include\assimp\LogAux.h", "C++", 0, 0, 53, 0, 51, 14, 118
"d:\Desktop\C++\OpenGL\Engine\Engine\include\assimp\LogStream.hpp", "C++", 0, 0, 27, 0, 67, 15, 109
"d:\Desktop\C++\OpenGL\Engine\Engine\include\assimp\Logger.hpp", "C++", 0, 0, 101, 0, 158, 45, 304
"d:\Desktop\C++\OpenGL\Engine\Engine\include\assimp\MathFunctions.h", "C++", 0, 0, 39, 0, 56, 11, 106
"d:\Desktop\C++\OpenGL\Engine\Engine\include\assimp\MemoryIOWrapper.h", "C++", 0, 0, 136, 0, 68, 36, 240
"d:\Desktop\C++\OpenGL\Engine\Engine\include\assimp\NullLogger.hpp", "C++", 0, 0, 38, 0, 56, 16, 110
"d:\Desktop\C++\OpenGL\Engine\Engine\include\assimp\ObjMaterial.h", "C++", 0, 0, 14, 0, 55, 16, 85
"d:\Desktop\C++\OpenGL\Engine\Engine\include\assimp\ParsingUtils.h", "C++", 0, 0, 148, 0, 86, 38, 272
"d:\Desktop\C++\OpenGL\Engine\Engine\include\assimp\Profiler.h", "C++", 0, 0, 35, 0, 50, 17, 102
"d:\Desktop\C++\OpenGL\Engine\Engine\include\assimp\ProgressHandler.hpp", "C++", 0, 0, 33, 0, 99, 15, 147
"d:\Desktop\C++\OpenGL\Engine\Engine\include\assimp\RemoveComments.h", "C++", 0, 0, 19, 0, 65, 10, 94
"d:\Desktop\C++\OpenGL\Engine\Engine\include\assimp\SGSpatialSort.h", "C++", 0, 0, 48, 0, 86, 19, 153
"d:\Desktop\C++\OpenGL\Engine\Engine\include\assimp\SceneCombiner.h", "C++", 0, 0, 129, 0, 208, 49, 386
"d:\Desktop\C++\OpenGL\Engine\Engine\include\assimp\SkeletonMeshBuilder.h", "C++", 0, 0, 37, 0, 74, 18, 129
"d:\Desktop\C++\OpenGL\Engine\Engine\include\assimp\SmallVector.h", "C++", 0, 0, 74, 0, 66, 25, 165
"d:\Desktop\C++\OpenGL\Engine\Engine\include\assimp\SmoothingGroups.h", "C++", 0, 0, 33, 0, 65, 17, 115
"d:\Desktop\C++\OpenGL\Engine\Engine\include\assimp\SmoothingGroups.inl", "C++", 0, 0, 78, 0, 46, 18, 142
"d:\Desktop\C++\OpenGL\Engine\Engine\include\assimp\SpatialSort.h", "C++", 0, 0, 53, 0, 114, 24, 191
"d:\Desktop\C++\OpenGL\Engine\Engine\include\assimp\StandardShapes.h", "C++", 0, 0, 45, 0, 131, 31, 207
"d:\Desktop\C++\OpenGL\Engine\Engine\include\assimp\StreamReader.h", "C++", 0, 0, 167, 0, 132, 46, 345
"d:\Desktop\C++\OpenGL\Engine\Engine\include\assimp\StreamWriter.h", "C++", 0, 0, 146, 0, 114, 45, 305
"d:\Desktop\C++\OpenGL\Engine\Engine\include\assimp\StringComparison.h", "C++", 0, 0, 90, 0, 105, 29, 224
"d:\Desktop\C++\OpenGL\Engine\Engine\include\assimp\StringUtils.h", "C++", 0, 0, 130, 0, 128, 32, 290
"d:\Desktop\C++\OpenGL\Engine\Engine\include\assimp\Subdivision.h", "C++", 0, 0, 29, 0, 85, 18, 132
"d:\Desktop\C++\OpenGL\Engine\Engine\include\assimp\TinyFormatter.h", "C++", 0, 0, 82, 0, 74, 26, 182
"d:\Desktop\C++\OpenGL\Engine\Engine\include\assimp\Vertex.h", "C++", 0, 0, 193, 0, 77, 52, 322
"d:\Desktop\C++\OpenGL\Engine\Engine\include\assimp\XMLTools.h", "C++", 0, 0, 39, 0, 43, 7, 89
"d:\Desktop\C++\OpenGL\Engine\Engine\include\assimp\XmlParser.h", "C++", 0, 0, 345, 0, 167, 111, 623
"d:\Desktop\C++\OpenGL\Engine\Engine\include\assimp\ZipArchiveIOSystem.h", "C++", 0, 0, 30, 0, 50, 14, 94
"d:\Desktop\C++\OpenGL\Engine\Engine\include\assimp\aabb.h", "C++", 0, 0, 17, 0, 49, 10, 76
"d:\Desktop\C++\OpenGL\Engine\Engine\include\assimp\ai_assert.h", "C++", 0, 0, 17, 0, 48, 10, 75
"d:\Desktop\C++\OpenGL\Engine\Engine\include\assimp\anim.h", "C++", 0, 0, 269, 0, 208, 101, 578
"d:\Desktop\C++\OpenGL\Engine\Engine\include\assimp\camera.h", "C++", 0, 0, 57, 0, 152, 26, 235
"d:\Desktop\C++\OpenGL\Engine\Engine\include\assimp\cexport.h", "C++", 0, 0, 59, 0, 187, 28, 274
"d:\Desktop\C++\OpenGL\Engine\Engine\include\assimp\cfileio.h", "C++", 0, 0, 39, 0, 83, 20, 142
"d:\Desktop\C++\OpenGL\Engine\Engine\include\assimp\cimport.h", "C++", 0, 0, 332, 0, 796, 117, 1245
"d:\Desktop\C++\OpenGL\Engine\Engine\include\assimp\color4.h", "C++", 0, 0, 35, 0, 52, 15, 102
"d:\Desktop\C++\OpenGL\Engine\Engine\include\assimp\color4.inl", "C++", 0, 0, 172, 0, 66, 12, 250
"d:\Desktop\C++\OpenGL\Engine\Engine\include\assimp\commonMetaData.h", "C++", 0, 0, 11, 0, 51, 8, 70
"d:\Desktop\C++\OpenGL\Engine\Engine\include\assimp\config.h", "C++", 0, 0, 224, 0, 834, 130, 1188
"d:\Desktop\C++\OpenGL\Engine\Engine\include\assimp\defs.h", "C++", 0, 0, 166, 0, 173, 33, 372
"d:\Desktop\C++\OpenGL\Engine\Engine\include\assimp\fast_atof.h", "C++", 0, 0, 253, 0, 68, 58, 379
"d:\Desktop\C++\OpenGL\Engine\Engine\include\assimp\importerdesc.h", "C++", 0, 0, 34, 0, 100, 21, 155
"d:\Desktop\C++\OpenGL\Engine\Engine\include\assimp\light.h", "C++", 0, 0, 53, 0, 174, 32, 259
"d:\Desktop\C++\OpenGL\Engine\Engine\include\assimp\material.h", "C++", 0, 0, 644, 0, 805, 278, 1727
"d:\Desktop\C++\OpenGL\Engine\Engine\include\assimp\material.inl", "C++", 0, 0, 278, 0, 87, 39, 404
"d:\Desktop\C++\OpenGL\Engine\Engine\include\assimp\matrix3x3.h", "C++", 0, 0, 57, 0, 96, 26, 179
"d:\Desktop\C++\OpenGL\Engine\Engine\include\assimp\matrix3x3.inl", "C++", 0, 0, 244, 0, 78, 38, 360
"d:\Desktop\C++\OpenGL\Engine\Engine\include\assimp\matrix4x4.h", "C++", 0, 0, 72, 0, 176, 39, 287
"d:\Desktop\C++\OpenGL\Engine\Engine\include\assimp\matrix4x4.inl", "C++", 0, 0, 467, 0, 133, 75, 675
"d:\Desktop\C++\OpenGL\Engine\Engine\include\assimp\mesh.h", "C++", 0, 0, 461, 0, 561, 156, 1178
"d:\Desktop\C++\OpenGL\Engine\Engine\include\assimp\metadata.h", "C++", 0, 0, 401, 0, 107, 64, 572
"d:\Desktop\C++\OpenGL\Engine\Engine\include\assimp\pbrmaterial.h", "C++", 0, 0, 31, 0, 47, 12, 90
"d:\Desktop\C++\OpenGL\Engine\Engine\include\assimp\port\AndroidJNI\AndroidJNIIOSystem.h", "C++", 0, 0, 23, 0, 51, 15, 89
"d:\Desktop\C++\OpenGL\Engine\Engine\include\assimp\port\AndroidJNI\BundledAssetIOSystem.h", "C++", 0, 0, 32, 0, 41, 21, 94
"d:\Desktop\C++\OpenGL\Engine\Engine\include\assimp\postprocess.h", "C++", 0, 0, 82, 0, 574, 54, 710
"d:\Desktop\C++\OpenGL\Engine\Engine\include\assimp\qnan.h", "C++", 0, 0, 57, 0, 90, 16, 163
"d:\Desktop\C++\OpenGL\Engine\Engine\include\assimp\quaternion.h", "C++", 0, 0, 41, 0, 77, 26, 144
"d:\Desktop\C++\OpenGL\Engine\Engine\include\assimp\quaternion.inl", "C++", 0, 0, 203, 0, 80, 29, 312
"d:\Desktop\C++\OpenGL\Engine\Engine\include\assimp\scene.h", "C++", 0, 0, 182, 0, 260, 72, 514
"d:\Desktop\C++\OpenGL\Engine\Engine\include\assimp\texture.h", "C++", 0, 0, 64, 0, 131, 29, 224
"d:\Desktop\C++\OpenGL\Engine\Engine\include\assimp\types.h", "C++", 0, 0, 274, 0, 193, 91, 558
"d:\Desktop\C++\OpenGL\Engine\Engine\include\assimp\vector2.h", "C++", 0, 0, 45, 0, 46, 19, 110
"d:\Desktop\C++\OpenGL\Engine\Engine\include\assimp\vector2.inl", "C++", 0, 0, 142, 0, 76, 31, 249
"d:\Desktop\C++\OpenGL\Engine\Engine\include\assimp\vector3.h", "C++", 0, 0, 55, 0, 79, 36, 170
"d:\Desktop\C++\OpenGL\Engine\Engine\include\assimp\vector3.inl", "C++", 0, 0, 187, 0, 85, 13, 285
"d:\Desktop\C++\OpenGL\Engine\Engine\include\assimp\version.h", "C++", 0, 0, 24, 0, 83, 16, 123
"d:\Desktop\C++\OpenGL\Engine\Engine\include\my_math.h", "C++", 0, 0, 14, 0, 0, 5, 19
"d:\Desktop\C++\OpenGL\Engine\Engine\include\stb_image\stb_image.cpp", "C++", 0, 0, 2, 0, 0, 0, 2
"d:\Desktop\C++\OpenGL\Engine\Engine\include\stb_image\stb_image.h", "C++", 0, 0, 5265, 0, 1153, 776, 7194
"d:\Desktop\C++\OpenGL\Engine\Engine\include\stb_image\stb_image_write.cpp", "C++", 0, 0, 2, 0, 0, 0, 2
"d:\Desktop\C++\OpenGL\Engine\Engine\include\stb_image\stb_image_write.h", "C++", 0, 0, 1242, 0, 315, 168, 1725
"d:\Desktop\C++\OpenGL\Engine\Engine\include\utils.h", "C++", 0, 0, 10, 0, 0, 5, 15
"d:\Desktop\C++\OpenGL\Engine\Engine\math\Matrix.cpp", "C++", 0, 0, 68, 0, 0, 13, 81
"d:\Desktop\C++\OpenGL\Engine\Engine\math\my_math.cpp", "C++", 0, 0, 13, 0, 0, 2, 15
"d:\Desktop\C++\OpenGL\Engine\Engine\render\Bloomer.cpp", "C++", 0, 0, 110, 0, 3, 9, 122
"d:\Desktop\C++\OpenGL\Engine\Engine\render\Renderer.cpp", "C++", 0, 0, 130, 0, 0, 16, 146
"d:\Desktop\C++\OpenGL\Engine\Engine\tools\AssimpLoader.cpp", "C++", 0, 0, 204, 0, 0, 9, 213
"d:\Desktop\C++\OpenGL\Engine\Engine\tools\GLHelper.cpp", "C++", 0, 0, 495, 0, 0, 18, 513
"d:\Desktop\C++\OpenGL\Engine\Engine\tools\GLShaderProgram.cpp", "C++", 0, 0, 94, 0, 0, 7, 101
"d:\Desktop\C++\OpenGL\Engine\Engine\tools\Image.cpp", "C++", 0, 0, 24, 0, 0, 5, 29
"d:\Desktop\C++\OpenGL\Engine\Engine\tools\InstanceHelper.cpp", "C++", 0, 0, 53, 0, 0, 8, 61
"d:\Desktop\C++\OpenGL\Engine\Engine\tools\TextureDispatcher.cpp", "C++", 0, 0, 18, 0, 0, 4, 22
"d:\Desktop\C++\OpenGL\Engine\Engine\tools\utils.cpp", "C++", 0, 0, 23, 0, 0, 5, 28
"d:\Desktop\C++\OpenGL\Engine\include\Ela\Def.h", "C++", 0, 0, 3495, 0, 1, 24, 3520
"d:\Desktop\C++\OpenGL\Engine\include\Ela\ElaAcrylicUrlCard.h", "C++", 0, 0, 34, 0, 0, 6, 40
"d:\Desktop\C++\OpenGL\Engine\include\Ela\ElaAppBar.h", "C++", 0, 0, 82, 0, 0, 13, 95
"d:\Desktop\C++\OpenGL\Engine\include\Ela\ElaApplication.h", "C++", 0, 0, 24, 0, 0, 5, 29
"d:\Desktop\C++\OpenGL\Engine\include\Ela\ElaBreadcrumbBar.h", "C++", 0, 0, 23, 0, 0, 6, 29
"d:\Desktop\C++\OpenGL\Engine\include\Ela\ElaCalendar.h", "C++", 0, 0, 22, 0, 0, 5, 27
"d:\Desktop\C++\OpenGL\Engine\include\Ela\ElaCalendarPicker.h", "C++", 0, 0, 20, 0, 0, 6, 26
"d:\Desktop\C++\OpenGL\Engine\include\Ela\ElaCheckBox.h", "C++", 0, 0, 14, 0, 0, 4, 18
"d:\Desktop\C++\OpenGL\Engine\include\Ela\ElaColorDialog.h", "C++", 0, 0, 24, 0, 0, 6, 30
"d:\Desktop\C++\OpenGL\Engine\include\Ela\ElaComboBox.h", "C++", 0, 0, 18, 0, 0, 6, 24
"d:\Desktop\C++\OpenGL\Engine\include\Ela\ElaContentDialog.h", "C++", 0, 0, 36, 0, 0, 6, 42
"d:\Desktop\C++\OpenGL\Engine\include\Ela\ElaDockWidget.h", "C++", 0, 0, 25, 0, 0, 5, 30
"d:\Desktop\C++\OpenGL\Engine\include\Ela\ElaDoubleSpinBox.h", "C++", 0, 0, 16, 0, 0, 6, 22
"d:\Desktop\C++\OpenGL\Engine\include\Ela\ElaDxgiManager.h", "C++", 0, 0, 52, 0, 0, 7, 59
"d:\Desktop\C++\OpenGL\Engine\include\Ela\ElaEventBus.h", "C++", 0, 0, 37, 0, 0, 9, 46
"d:\Desktop\C++\OpenGL\Engine\include\Ela\ElaExponentialBlur.h", "C++", 0, 0, 18, 0, 0, 6, 24
"d:\Desktop\C++\OpenGL\Engine\include\Ela\ElaFlowLayout.h", "C++", 0, 0, 30, 0, 0, 6, 36
"d:\Desktop\C++\OpenGL\Engine\include\Ela\ElaGraphicsItem.h", "C++", 0, 0, 40, 0, 0, 9, 49
"d:\Desktop\C++\OpenGL\Engine\include\Ela\ElaGraphicsLineItem.h", "C++", 0, 0, 27, 0, 0, 7, 34
"d:\Desktop\C++\OpenGL\Engine\include\Ela\ElaGraphicsScene.h", "C++", 0, 0, 57, 0, 1, 13, 71
"d:\Desktop\C++\OpenGL\Engine\include\Ela\ElaGraphicsView.h", "C++", 0, 0, 21, 0, 0, 6, 27
"d:\Desktop\C++\OpenGL\Engine\include\Ela\ElaIcon.h", "C++", 0, 0, 21, 0, 0, 4, 25
"d:\Desktop\C++\OpenGL\Engine\include\Ela\ElaIconButton.h", "C++", 0, 0, 33, 0, 0, 7, 40
"d:\Desktop\C++\OpenGL\Engine\include\Ela\ElaImageCard.h", "C++", 0, 0, 20, 0, 0, 6, 26
"d:\Desktop\C++\OpenGL\Engine\include\Ela\ElaInteractiveCard.h", "C++", 0, 0, 29, 0, 0, 7, 36
"d:\Desktop\C++\OpenGL\Engine\include\Ela\ElaLineEdit.h", "C++", 0, 0, 25, 0, 0, 7, 32
"d:\Desktop\C++\OpenGL\Engine\include\Ela\ElaListView.h", "C++", 0, 0, 16, 0, 0, 5, 21
"d:\Desktop\C++\OpenGL\Engine\include\Ela\ElaLog.h", "C++", 0, 0, 23, 0, 0, 7, 30
"d:\Desktop\C++\OpenGL\Engine\include\Ela\ElaMenu.h", "C++", 0, 0, 32, 0, 0, 9, 41
"d:\Desktop\C++\OpenGL\Engine\include\Ela\ElaMenuBar.h", "C++", 0, 0, 20, 0, 0, 7, 27
"d:\Desktop\C++\OpenGL\Engine\include\Ela\ElaMessageBar.h", "C++", 0, 0, 24, 0, 0, 8, 32
"d:\Desktop\C++\OpenGL\Engine\include\Ela\ElaMessageButton.h", "C++", 0, 0, 28, 0, 0, 6, 34
"d:\Desktop\C++\OpenGL\Engine\include\Ela\ElaMultiSelectComboBox.h", "C++", 0, 0, 28, 0, 0, 4, 32
"d:\Desktop\C++\OpenGL\Engine\include\Ela\ElaNavigationBar.h", "C++", 0, 0, 38, 0, 0, 10, 48
"d:\Desktop\C++\OpenGL\Engine\include\Ela\ElaNavigationRouter.h", "C++", 0, 0, 24, 0, 0, 7, 31
"d:\Desktop\C++\OpenGL\Engine\include\Ela\ElaPivot.h", "C++", 0, 0, 23, 0, 0, 6, 29
"d:\Desktop\C++\OpenGL\Engine\include\Ela\ElaPlainTextEdit.h", "C++", 0, 0, 19, 0, 0, 6, 25
"d:\Desktop\C++\OpenGL\Engine\include\Ela\ElaPopularCard.h", "C++", 0, 0, 30, 0, 0, 5, 35
"d:\Desktop\C++\OpenGL\Engine\include\Ela\ElaProgressBar.h", "C++", 0, 0, 19, 0, 0, 6, 25
"d:\Desktop\C++\OpenGL\Engine\include\Ela\ElaPromotionCard.h", "C++", 0, 0, 36, 0, 0, 4, 40
"d:\Desktop\C++\OpenGL\Engine\include\Ela\ElaPromotionView.h", "C++", 0, 0, 25, 0, 0, 6, 31
"d:\Desktop\C++\OpenGL\Engine\include\Ela\ElaPushButton.h", "C++", 0, 0, 30, 0, 0, 7, 37
"d:\Desktop\C++\OpenGL\Engine\include\Ela\ElaRadioButton.h", "C++", 0, 0, 15, 0, 0, 4, 19
"d:\Desktop\C++\OpenGL\Engine\include\Ela\ElaReminderCard.h", "C++", 0, 0, 27, 0, 0, 6, 33
"d:\Desktop\C++\OpenGL\Engine\include\Ela\ElaScrollArea.h", "C++", 0, 0, 19, 0, 0, 8, 27
"d:\Desktop\C++\OpenGL\Engine\include\Ela\ElaScrollBar.h", "C++", 0, 0, 29, 0, 0, 7, 36
"d:\Desktop\C++\OpenGL\Engine\include\Ela\ElaScrollPage.h", "C++", 0, 0, 23, 0, 0, 7, 30
"d:\Desktop\C++\OpenGL\Engine\include\Ela\ElaScrollPageArea.h", "C++", 0, 0, 17, 0, 0, 5, 22
"d:\Desktop\C++\OpenGL\Engine\include\Ela\ElaSlider.h", "C++", 0, 0, 13, 0, 0, 4, 17
"d:\Desktop\C++\OpenGL\Engine\include\Ela\ElaSpinBox.h", "C++", 0, 0, 16, 0, 0, 6, 22
"d:\Desktop\C++\OpenGL\Engine\include\Ela\ElaStatusBar.h", "C++", 0, 0, 12, 0, 0, 4, 16
"d:\Desktop\C++\OpenGL\Engine\include\Ela\ElaSuggestBox.h", "C++", 0, 0, 25, 0, 0, 6, 31
"d:\Desktop\C++\OpenGL\Engine\include\Ela\ElaTabBar.h", "C++", 0, 0, 24, 0, 0, 5, 29
"d:\Desktop\C++\OpenGL\Engine\include\Ela\ElaTabWidget.h", "C++", 0, 0, 20, 0, 0, 7, 27
"d:\Desktop\C++\OpenGL\Engine\include\Ela\ElaTableView.h", "C++", 0, 0, 23, 0, 0, 7, 30
"d:\Desktop\C++\OpenGL\Engine\include\Ela\ElaText.h", "C++", 0, 0, 27, 0, 0, 6, 33
"d:\Desktop\C++\OpenGL\Engine\include\Ela\ElaTheme.h", "C++", 0, 0, 28, 0, 0, 8, 36
"d:\Desktop\C++\OpenGL\Engine\include\Ela\ElaToggleButton.h", "C++", 0, 0, 26, 0, 0, 6, 32
"d:\Desktop\C++\OpenGL\Engine\include\Ela\ElaToggleSwitch.h", "C++", 0, 0, 24, 0, 0, 6, 30
"d:\Desktop\C++\OpenGL\Engine\include\Ela\ElaToolBar.h", "C++", 0, 0, 21, 0, 0, 7, 28
"d:\Desktop\C++\OpenGL\Engine\include\Ela\ElaToolButton.h", "C++", 0, 0, 23, 0, 0, 8, 31
"d:\Desktop\C++\OpenGL\Engine\include\Ela\ElaToolTip.h", "C++", 0, 0, 22, 0, 0, 5, 27
"d:\Desktop\C++\OpenGL\Engine\include\Ela\ElaTreeView.h", "C++", 0, 0, 16, 0, 0, 5, 21
"d:\Desktop\C++\OpenGL\Engine\include\Ela\ElaWidget.h", "C++", 0, 0, 30, 0, 0, 6, 36
"d:\Desktop\C++\OpenGL\Engine\include\Ela\ElaWidgetTools.qrc", "XML", 0, 9, 0, 0, 0, 1, 10
"d:\Desktop\C++\OpenGL\Engine\include\Ela\ElaWindow.h", "C++", 0, 0, 57, 0, 0, 10, 67
"d:\Desktop\C++\OpenGL\Engine\include\Ela\singleton.h", "C++", 0, 0, 51, 0, 0, 9, 60
"d:\Desktop\C++\OpenGL\Engine\include\Ela\stdafx.h", "C++", 0, 0, 89, 0, 2, 14, 105
"d:\Desktop\C++\OpenGL\Engine\res.qrc", "XML", 0, 5, 0, 0, 0, 0, 5
"d:\Desktop\C++\OpenGL\Engine\shaders\IBL\BRDF.frag", "GLSL", 87, 0, 0, 0, 3, 22, 112
"d:\Desktop\C++\OpenGL\Engine\shaders\IBL\convolution.frag", "GLSL", 32, 0, 0, 0, 0, 4, 36
"d:\Desktop\C++\OpenGL\Engine\shaders\IBL\prefilter.frag", "GLSL", 79, 0, 0, 0, 9, 17, 105
"d:\Desktop\C++\OpenGL\Engine\shaders\PBR.frag", "GLSL", 46, 0, 0, 0, 0, 6, 52
"d:\Desktop\C++\OpenGL\Engine\shaders\PBR_shadow.frag", "GLSL", 57, 0, 0, 0, 0, 10, 67
"d:\Desktop\C++\OpenGL\Engine\shaders\animated_directional_shadow_map.vert", "GLSL", 19, 0, 0, 0, 0, 6, 25
"d:\Desktop\C++\OpenGL\Engine\shaders\animated_illumination.vert", "GLSL", 39, 0, 0, 0, 0, 6, 45
"d:\Desktop\C++\OpenGL\Engine\shaders\animated_point_shadow_map.vert", "GLSL", 9, 0, 0, 0, 0, 4, 13
"d:\Desktop\C++\OpenGL\Engine\shaders\animation3D.vert", "GLSL", 33, 0, 0, 0, 0, 6, 39
"d:\Desktop\C++\OpenGL\Engine\shaders\bloom\extract.frag", "GLSL", 19, 0, 0, 0, 2, 5, 26
"d:\Desktop\C++\OpenGL\Engine\shaders\bloom\merge.frag", "GLSL", 13, 0, 0, 0, 0, 4, 17
"d:\Desktop\C++\OpenGL\Engine\shaders\bloom\up_sample.frag", "GLSL", 50, 0, 0, 0, 0, 7, 57
"d:\Desktop\C++\OpenGL\Engine\shaders\cube_map.geom", "GLSL", 30, 0, 0, 0, 0, 5, 35
"d:\Desktop\C++\OpenGL\Engine\shaders\cube_map.vert", "GLSL", 9, 0, 0, 0, 0, 4, 13
"d:\Desktop\C++\OpenGL\Engine\shaders\depth_debug.frag", "GLSL", 10, 0, 0, 0, 0, 4, 14
"d:\Desktop\C++\OpenGL\Engine\shaders\directional_shadow_map.frag", "GLSL", 4, 0, 0, 0, 0, 1, 5
"d:\Desktop\C++\OpenGL\Engine\shaders\directional_shadow_map.vert", "GLSL", 17, 0, 0, 0, 0, 4, 21
"d:\Desktop\C++\OpenGL\Engine\shaders\directional_shadow_map_debug.frag", "GLSL", 16, 0, 0, 0, 0, 5, 21
"d:\Desktop\C++\OpenGL\Engine\shaders\directional_shadow_map_debug.vert", "GLSL", 21, 0, 0, 0, 0, 5, 26
"d:\Desktop\C++\OpenGL\Engine\shaders\geometry_debug.frag", "GLSL", 5, 0, 0, 0, 0, 2, 7
"d:\Desktop\C++\OpenGL\Engine\shaders\geometry_debug.geom", "GLSL", 35, 0, 0, 0, 0, 6, 41
"d:\Desktop\C++\OpenGL\Engine\shaders\geometry_debug.vert", "GLSL", 12, 0, 0, 0, 0, 4, 16
"d:\Desktop\C++\OpenGL\Engine\shaders\grass.frag", "GLSL", 24, 0, 0, 0, 0, 4, 28
"d:\Desktop\C++\OpenGL\Engine\shaders\grass.vert", "GLSL", 31, 0, 0, 0, 0, 6, 37
"d:\Desktop\C++\OpenGL\Engine\shaders\grass_land.frag", "GLSL", 11, 0, 0, 0, 0, 4, 15
"d:\Desktop\C++\OpenGL\Engine\shaders\grass_land.vert", "GLSL", 20, 0, 0, 0, 0, 5, 25
"d:\Desktop\C++\OpenGL\Engine\shaders\illumination.vert", "GLSL", 37, 0, 0, 0, 1, 5, 43
"d:\Desktop\C++\OpenGL\Engine\shaders\include\Lights.glsl", "GLSL", 31, 0, 0, 0, 0, 2, 33
"d:\Desktop\C++\OpenGL\Engine\shaders\include\PBR.glsl", "GLSL", 105, 0, 0, 0, 0, 13, 118
"d:\Desktop\C++\OpenGL\Engine\shaders\include\animation.glsl", "GLSL", 18, 0, 0, 0, 0, 2, 20
"d:\Desktop\C++\OpenGL\Engine\shaders\include\directional_light_shadow.glsl", "GLSL", 68, 0, 0, 0, 0, 5, 73
"d:\Desktop\C++\OpenGL\Engine\shaders\include\phong.glsl", "GLSL", 55, 0, 0, 0, 0, 6, 61
"d:\Desktop\C++\OpenGL\Engine\shaders\include\point_light_shadow.glsl", "GLSL", 34, 0, 0, 0, 0, 3, 37
"d:\Desktop\C++\OpenGL\Engine\shaders\include\shadow_common.glsl", "GLSL", 15, 0, 0, 0, 1, 2, 18
"d:\Desktop\C++\OpenGL\Engine\shaders\instance3D.vert", "GLSL", 20, 0, 0, 0, 1, 6, 27
"d:\Desktop\C++\OpenGL\Engine\shaders\phong.frag", "GLSL", 40, 0, 0, 0, 0, 5, 45
"d:\Desktop\C++\OpenGL\Engine\shaders\phong_shadow.frag", "GLSL", 53, 0, 0, 0, 0, 6, 59
"d:\Desktop\C++\OpenGL\Engine\shaders\pink.frag", "GLSL", 88, 0, 0, 0, 13, 17, 118
"d:\Desktop\C++\OpenGL\Engine\shaders\point_shadow_map.frag", "GLSL", 8, 0, 0, 0, 0, 2, 10
"d:\Desktop\C++\OpenGL\Engine\shaders\point_shadow_map.geom", "GLSL", 29, 0, 0, 0, 0, 5, 34
"d:\Desktop\C++\OpenGL\Engine\shaders\point_shadow_map.vert", "GLSL", 7, 0, 0, 0, 0, 3, 10
"d:\Desktop\C++\OpenGL\Engine\shaders\point_shadow_map_debug.frag", "GLSL", 15, 0, 0, 0, 0, 5, 20
"d:\Desktop\C++\OpenGL\Engine\shaders\point_shadow_map_debug.vert", "GLSL", 20, 0, 0, 0, 0, 5, 25
"d:\Desktop\C++\OpenGL\Engine\shaders\post_process.frag", "GLSL", 27, 0, 0, 0, 0, 7, 34
"d:\Desktop\C++\OpenGL\Engine\shaders\sampler2D_debug.frag", "GLSL", 11, 0, 0, 0, 0, 4, 15
"d:\Desktop\C++\OpenGL\Engine\shaders\sampler_cube.frag", "GLSL", 11, 0, 0, 0, 0, 4, 15
"d:\Desktop\C++\OpenGL\Engine\shaders\sampler_spherical.frag", "GLSL", 18, 0, 0, 0, 0, 5, 23
"d:\Desktop\C++\OpenGL\Engine\shaders\shadertoy_template.frag", "GLSL", 18, 0, 0, 0, 1, 3, 22
"d:\Desktop\C++\OpenGL\Engine\shaders\simple2D.vert", "GLSL", 10, 0, 0, 0, 0, 4, 14
"d:\Desktop\C++\OpenGL\Engine\shaders\simple3D.vert", "GLSL", 17, 0, 0, 0, 0, 5, 22
"d:\Desktop\C++\OpenGL\Engine\shaders\single_color.frag", "GLSL", 6, 0, 0, 0, 0, 3, 9
"d:\Desktop\C++\OpenGL\Engine\shaders\skybox.vert", "GLSL", 16, 0, 0, 0, 0, 4, 20
"d:\Desktop\C++\OpenGL\Engine\shaders\sphere_to_cube.frag", "GLSL", 19, 0, 0, 0, 0, 6, 25
"d:\Desktop\C++\OpenGL\Engine\shaders\train.frag", "GLSL", 25, 0, 0, 0, 2, 3, 30
"d:\Desktop\C++\OpenGL\Engine\shaders\train_buffer.frag", "GLSL", 271, 0, 0, 0, 23, 52, 346
"d:\Desktop\C++\OpenGL\Engine\src\CameraControlPanel.cpp", "C++", 0, 0, 85, 0, 0, 3, 88
"d:\Desktop\C++\OpenGL\Engine\src\CameraControlPanel.h", "C++", 0, 0, 9, 0, 0, 2, 11
"d:\Desktop\C++\OpenGL\Engine\src\Common.h", "C++", 0, 0, 1, 0, 0, 2, 3
"d:\Desktop\C++\OpenGL\Engine\src\ControlWidget.cpp", "C++", 0, 0, 37, 0, 0, 4, 41
"d:\Desktop\C++\OpenGL\Engine\src\ControlWidget.h", "C++", 0, 0, 9, 0, 0, 2, 11
"d:\Desktop\C++\OpenGL\Engine\src\GLWidget.cpp", "C++", 0, 0, 63, 0, 1, 10, 74
"d:\Desktop\C++\OpenGL\Engine\src\GLWidget.h", "C++", 0, 0, 21, 0, 0, 2, 23
"d:\Desktop\C++\OpenGL\Engine\src\MaterialControlWidget.cpp", "C++", 0, 0, 35, 0, 0, 5, 40
"d:\Desktop\C++\OpenGL\Engine\src\MaterialControlWidget.h", "C++", 0, 0, 13, 0, 0, 2, 15
"d:\Desktop\C++\OpenGL\Engine\src\ModelControlWidget.cpp", "C++", 0, 0, 130, 0, 0, 13, 143
"d:\Desktop\C++\OpenGL\Engine\src\ModelControlWidget.h", "C++", 0, 0, 8, 0, 0, 2, 10
"d:\Desktop\C++\OpenGL\Engine\src\Object3DControlWidget.cpp", "C++", 0, 0, 201, 0, 0, 11, 212
"d:\Desktop\C++\OpenGL\Engine\src\Object3DControlWidget.h", "C++", 0, 0, 32, 0, 0, 2, 34
"d:\Desktop\C++\OpenGL\Engine\src\RenderSettingsPanel.cpp", "C++", 0, 0, 96, 0, 7, 11, 114
"d:\Desktop\C++\OpenGL\Engine\src\RenderSettingsPanel.h", "C++", 0, 0, 8, 0, 0, 2, 10
"d:\Desktop\C++\OpenGL\Engine\src\SceneControlPanel.cpp", "C++", 0, 0, 58, 0, 0, 11, 69
"d:\Desktop\C++\OpenGL\Engine\src\SceneControlPanel.h", "C++", 0, 0, 8, 0, 0, 2, 10
"d:\Desktop\C++\OpenGL\Engine\src\SceneControlWidget.cpp", "C++", 0, 0, 58, 0, 0, 4, 62
"d:\Desktop\C++\OpenGL\Engine\src\SceneControlWidget.h", "C++", 0, 0, 7, 0, 0, 2, 9
"d:\Desktop\C++\OpenGL\Engine\src\Window.cpp", "C++", 0, 0, 36, 0, 0, 6, 42
"d:\Desktop\C++\OpenGL\Engine\src\Window.h", "C++", 0, 0, 9, 0, 1, 2, 12
"d:\Desktop\C++\OpenGL\Engine\src\main.cpp", "C++", 0, 0, 15, 0, 0, 2, 17
"Total", "-", 1820, 14, 30663, 42, 14022, 6066, 52627